"OriginalPath","OriginalName","NewName","NewPath","Directory","Status","Error","Timestamp","Reason"
"D:\DigiFloat\LawChronicle\AUTHCONTEXT_IMPLEMENTATION.md","AUTHCONTEXT_IMPLEMENTATION.md","AUTHCONTEXT-IMPLEMENTATION.md","D:\DigiFloat\LawChronicle\AUTHCONTEXT-IMPLEMENTATION.md","D:\DigiFloat\LawChronicle","DRY_RUN","","2025-08-19 15:43:05","Would rename"
"D:\DigiFloat\LawChronicle\AUTHENTICATION_IMPROVEMENTS.md","AUTHENTICATION_IMPROVEMENTS.md","AUTHENTICATION-IMPROVEMENTS.md","D:\DigiFloat\LawChronicle\AUTHENTICATION-IMPROVEMENTS.md","D:\DigiFloat\LawChronicle","DRY_RUN","","2025-08-19 15:43:05","Would rename"
"D:\DigiFloat\LawChronicle\DATE_SEARCH_IMPLEMENTATION.md","DATE_SEARCH_IMPLEMENTATION.md","DATE-SEARCH-IMPLEMENTATION.md","D:\DigiFloat\LawChronicle\DATE-SEARCH-IMPLEMENTATION.md","D:\DigiFloat\LawChronicle","DRY_RUN","","2025-08-19 15:43:05","Would rename"
"D:\DigiFloat\LawChronicle\PAGINATION_FIX_SUMMARY.md","PAGINATION_FIX_SUMMARY.md","PAGINATION-FIX-SUMMARY.md","D:\DigiFloat\LawChronicle\PAGINATION-FIX-SUMMARY.md","D:\DigiFloat\LawChronicle","DRY_RUN","","2025-08-19 15:43:05","Would rename"
"D:\DigiFloat\LawChronicle\test_pagination_fix.py","test_pagination_fix.py","test-pagination-fix.py","D:\DigiFloat\LawChronicle\test-pagination-fix.py","D:\DigiFloat\LawChronicle","DRY_RUN","","2025-08-19 15:43:05","Would rename"
"D:\DigiFloat\LawChronicle\backend\.pip_audit.json",".pip_audit.json",".pip-audit.json","D:\DigiFloat\LawChronicle\backend\.pip-audit.json","D:\DigiFloat\LawChronicle\backend","DRY_RUN","","2025-08-19 15:43:05","Would rename"
"D:\DigiFloat\LawChronicle\backend\analyze_section_discrepancy.py","analyze_section_discrepancy.py","analyze-section-discrepancy.py","D:\DigiFloat\LawChronicle\backend\analyze-section-discrepancy.py","D:\DigiFloat\LawChronicle\backend","DRY_RUN","","2025-08-19 15:43:05","Would rename"
"D:\DigiFloat\LawChronicle\backend\check_final_results.py","check_final_results.py","check-final-results.py","D:\DigiFloat\LawChronicle\backend\check-final-results.py","D:\DigiFloat\LawChronicle\backend","DRY_RUN","","2025-08-19 15:43:05","Would rename"
"D:\DigiFloat\LawChronicle\backend\check_restored.py","check_restored.py","check-restored.py","D:\DigiFloat\LawChronicle\backend\check-restored.py","D:\DigiFloat\LawChronicle\backend","DRY_RUN","","2025-08-19 15:43:05","Would rename"
"D:\DigiFloat\LawChronicle\backend\debug_phase4.py","debug_phase4.py","debug-phase4.py","D:\DigiFloat\LawChronicle\backend\debug-phase4.py","D:\DigiFloat\LawChronicle\backend","DRY_RUN","","2025-08-19 15:43:05","Would rename"
"D:\DigiFloat\LawChronicle\backend\demonstrate_merge.py","demonstrate_merge.py","demonstrate-merge.py","D:\DigiFloat\LawChronicle\backend\demonstrate-merge.py","D:\DigiFloat\LawChronicle\backend","DRY_RUN","","2025-08-19 15:43:05","Would rename"
"D:\DigiFloat\LawChronicle\backend\diagnostic_inspect_sections.py","diagnostic_inspect_sections.py","diagnostic-inspect-sections.py","D:\DigiFloat\LawChronicle\backend\diagnostic-inspect-sections.py","D:\DigiFloat\LawChronicle\backend","DRY_RUN","","2025-08-19 15:43:05","Would rename"
"D:\DigiFloat\LawChronicle\backend\diagnostic_preamble_count.py","diagnostic_preamble_count.py","diagnostic-preamble-count.py","D:\DigiFloat\LawChronicle\backend\diagnostic-preamble-count.py","D:\DigiFloat\LawChronicle\backend","DRY_RUN","","2025-08-19 15:43:05","Would rename"
"D:\DigiFloat\LawChronicle\backend\diagnostic_sample_sections.py","diagnostic_sample_sections.py","diagnostic-sample-sections.py","D:\DigiFloat\LawChronicle\backend\diagnostic-sample-sections.py","D:\DigiFloat\LawChronicle\backend","DRY_RUN","","2025-08-19 15:43:05","Would rename"
"D:\DigiFloat\LawChronicle\backend\test_actual_service.py","test_actual_service.py","test-actual-service.py","D:\DigiFloat\LawChronicle\backend\test-actual-service.py","D:\DigiFloat\LawChronicle\backend","DRY_RUN","","2025-08-19 15:43:05","Would rename"
"D:\DigiFloat\LawChronicle\backend\test_batch_detection.py","test_batch_detection.py","test-batch-detection.py","D:\DigiFloat\LawChronicle\backend\test-batch-detection.py","D:\DigiFloat\LawChronicle\backend","DRY_RUN","","2025-08-19 15:43:05","Would rename"
"D:\DigiFloat\LawChronicle\backend\test_collections.py","test_collections.py","test-collections.py","D:\DigiFloat\LawChronicle\backend\test-collections.py","D:\DigiFloat\LawChronicle\backend","DRY_RUN","","2025-08-19 15:43:05","Would rename"
"D:\DigiFloat\LawChronicle\backend\test_db_connection.py","test_db_connection.py","test-db-connection.py","D:\DigiFloat\LawChronicle\backend\test-db-connection.py","D:\DigiFloat\LawChronicle\backend","DRY_RUN","","2025-08-19 15:43:05","Would rename"
"D:\DigiFloat\LawChronicle\backend\test_db_write.py","test_db_write.py","test-db-write.py","D:\DigiFloat\LawChronicle\backend\test-db-write.py","D:\DigiFloat\LawChronicle\backend","DRY_RUN","","2025-08-19 15:43:05","Would rename"
"D:\DigiFloat\LawChronicle\backend\test_frontend_params.py","test_frontend_params.py","test-frontend-params.py","D:\DigiFloat\LawChronicle\backend\test-frontend-params.py","D:\DigiFloat\LawChronicle\backend","DRY_RUN","","2025-08-19 15:43:05","Would rename"
"D:\DigiFloat\LawChronicle\backend\test_merge_logic.py","test_merge_logic.py","test-merge-logic.py","D:\DigiFloat\LawChronicle\backend\test-merge-logic.py","D:\DigiFloat\LawChronicle\backend","DRY_RUN","","2025-08-19 15:43:05","Would rename"
"D:\DigiFloat\LawChronicle\backend\test_minimal_processing.py","test_minimal_processing.py","test-minimal-processing.py","D:\DigiFloat\LawChronicle\backend\test-minimal-processing.py","D:\DigiFloat\LawChronicle\backend","DRY_RUN","","2025-08-19 15:43:05","Would rename"
"D:\DigiFloat\LawChronicle\backend\test_new_endpoints.py","test_new_endpoints.py","test-new-endpoints.py","D:\DigiFloat\LawChronicle\backend\test-new-endpoints.py","D:\DigiFloat\LawChronicle\backend","DRY_RUN","","2025-08-19 15:43:05","Would rename"
"D:\DigiFloat\LawChronicle\backend\test_normalization_fix.py","test_normalization_fix.py","test-normalization-fix.py","D:\DigiFloat\LawChronicle\backend\test-normalization-fix.py","D:\DigiFloat\LawChronicle\backend","DRY_RUN","","2025-08-19 15:43:05","Would rename"
"D:\DigiFloat\LawChronicle\backend\test_phase2_endpoints.py","test_phase2_endpoints.py","test-phase2-endpoints.py","D:\DigiFloat\LawChronicle\backend\test-phase2-endpoints.py","D:\DigiFloat\LawChronicle\backend","DRY_RUN","","2025-08-19 15:43:05","Would rename"
"D:\DigiFloat\LawChronicle\backend\test_phase2_filters.py","test_phase2_filters.py","test-phase2-filters.py","D:\DigiFloat\LawChronicle\backend\test-phase2-filters.py","D:\DigiFloat\LawChronicle\backend","DRY_RUN","","2025-08-19 15:43:05","Would rename"
"D:\DigiFloat\LawChronicle\backend\verify_app_load.py","verify_app_load.py","verify-app-load.py","D:\DigiFloat\LawChronicle\backend\verify-app-load.py","D:\DigiFloat\LawChronicle\backend","DRY_RUN","","2025-08-19 15:43:05","Would rename"
"D:\DigiFloat\LawChronicle\backend\app\api\v1\endpoints\phase1_legacy.py","phase1_legacy.py","phase1-legacy.py","D:\DigiFloat\LawChronicle\backend\app\api\v1\endpoints\phase1-legacy.py","D:\DigiFloat\LawChronicle\backend\app\api\v1\endpoints","DRY_RUN","","2025-08-19 15:43:05","Would rename"
"D:\DigiFloat\LawChronicle\backend\app\api\v1\endpoints\phase1_new.py","phase1_new.py","phase1-new.py","D:\DigiFloat\LawChronicle\backend\app\api\v1\endpoints\phase1-new.py","D:\DigiFloat\LawChronicle\backend\app\api\v1\endpoints","DRY_RUN","","2025-08-19 15:43:05","Would rename"
"D:\DigiFloat\LawChronicle\backend\app\api\v1\endpoints\phase4_new.py","phase4_new.py","phase4-new.py","D:\DigiFloat\LawChronicle\backend\app\api\v1\endpoints\phase4-new.py","D:\DigiFloat\LawChronicle\backend\app\api\v1\endpoints","DRY_RUN","","2025-08-19 15:43:05","Would rename"
"D:\DigiFloat\LawChronicle\backend\app\api\v1\endpoints\phase4_search.py","phase4_search.py","phase4-search.py","D:\DigiFloat\LawChronicle\backend\app\api\v1\endpoints\phase4-search.py","D:\DigiFloat\LawChronicle\backend\app\api\v1\endpoints","DRY_RUN","","2025-08-19 15:43:05","Would rename"
"D:\DigiFloat\LawChronicle\backend\app\config\azure_openai_config.json","azure_openai_config.json","azure-openai-config.json","D:\DigiFloat\LawChronicle\backend\app\config\azure-openai-config.json","D:\DigiFloat\LawChronicle\backend\app\config","DRY_RUN","","2025-08-19 15:43:05","Would rename"
"D:\DigiFloat\LawChronicle\backend\app\core\batch_processor.py","batch_processor.py","batch-processor.py","D:\DigiFloat\LawChronicle\backend\app\core\batch-processor.py","D:\DigiFloat\LawChronicle\backend\app\core","DRY_RUN","","2025-08-19 15:43:05","Would rename"
"D:\DigiFloat\LawChronicle\backend\app\core\services\normalization_service.py","normalization_service.py","normalization-service.py","D:\DigiFloat\LawChronicle\backend\app\core\services\normalization-service.py","D:\DigiFloat\LawChronicle\backend\app\core\services","DRY_RUN","","2025-08-19 15:43:05","Would rename"
"D:\DigiFloat\LawChronicle\backend\app\core\services\phase4_search_service.py","phase4_search_service.py","phase4-search-service.py","D:\DigiFloat\LawChronicle\backend\app\core\services\phase4-search-service.py","D:\DigiFloat\LawChronicle\backend\app\core\services","DRY_RUN","","2025-08-19 15:43:05","Would rename"
"D:\DigiFloat\LawChronicle\backend\app\core\services\phase4_service.py","phase4_service.py","phase4-service.py","D:\DigiFloat\LawChronicle\backend\app\core\services\phase4-service.py","D:\DigiFloat\LawChronicle\backend\app\core\services","DRY_RUN","","2025-08-19 15:43:05","Would rename"
"D:\DigiFloat\LawChronicle\backend\app\core\services\phase4_service_new.py","phase4_service_new.py","phase4-service-new.py","D:\DigiFloat\LawChronicle\backend\app\core\services\phase4-service-new.py","D:\DigiFloat\LawChronicle\backend\app\core\services","DRY_RUN","","2025-08-19 15:43:05","Would rename"
"D:\DigiFloat\LawChronicle\backend\app\core\services\phase4_worker.py","phase4_worker.py","phase4-worker.py","D:\DigiFloat\LawChronicle\backend\app\core\services\phase4-worker.py","D:\DigiFloat\LawChronicle\backend\app\core\services","DRY_RUN","","2025-08-19 15:43:05","Would rename"
"D:\DigiFloat\LawChronicle\backend\app\core\services\section_service.py","section_service.py","section-service.py","D:\DigiFloat\LawChronicle\backend\app\core\services\section-service.py","D:\DigiFloat\LawChronicle\backend\app\core\services","DRY_RUN","","2025-08-19 15:43:05","Would rename"
"D:\DigiFloat\LawChronicle\backend\app\core\services\__init__.py","__init__.py","--init--.py","D:\DigiFloat\LawChronicle\backend\app\core\services\--init--.py","D:\DigiFloat\LawChronicle\backend\app\core\services","DRY_RUN","","2025-08-19 15:43:05","Would rename"
"D:\DigiFloat\LawChronicle\backend\scripts\import_check.py","import_check.py","import-check.py","D:\DigiFloat\LawChronicle\backend\scripts\import-check.py","D:\DigiFloat\LawChronicle\backend\scripts","DRY_RUN","","2025-08-19 15:43:05","Would rename"
"D:\DigiFloat\LawChronicle\backend\tests\test_api_endpoints.py","test_api_endpoints.py","test-api-endpoints.py","D:\DigiFloat\LawChronicle\backend\tests\test-api-endpoints.py","D:\DigiFloat\LawChronicle\backend\tests","DRY_RUN","","2025-08-19 15:43:05","Would rename"
"D:\DigiFloat\LawChronicle\backend\tests\test_phase4_jobs.py","test_phase4_jobs.py","test-phase4-jobs.py","D:\DigiFloat\LawChronicle\backend\tests\test-phase4-jobs.py","D:\DigiFloat\LawChronicle\backend\tests","DRY_RUN","","2025-08-19 15:43:05","Would rename"
"D:\DigiFloat\LawChronicle\backend\tests\test_service_integration.py","test_service_integration.py","test-service-integration.py","D:\DigiFloat\LawChronicle\backend\tests\test-service-integration.py","D:\DigiFloat\LawChronicle\backend\tests","DRY_RUN","","2025-08-19 15:43:05","Would rename"
"D:\DigiFloat\LawChronicle\backend\tests\unit\test_normalization_service.py","test_normalization_service.py","test-normalization-service.py","D:\DigiFloat\LawChronicle\backend\tests\unit\test-normalization-service.py","D:\DigiFloat\LawChronicle\backend\tests\unit","DRY_RUN","","2025-08-19 15:43:05","Would rename"
"D:\DigiFloat\LawChronicle\backend\tests\unit\test_section_service.py","test_section_service.py","test-section-service.py","D:\DigiFloat\LawChronicle\backend\tests\unit\test-section-service.py","D:\DigiFloat\LawChronicle\backend\tests\unit","DRY_RUN","","2025-08-19 15:43:05","Would rename"
"D:\DigiFloat\LawChronicle\backend\tools\call_start_field_cleaning.py","call_start_field_cleaning.py","tool-call-start-field-cleaning.py","D:\DigiFloat\LawChronicle\backend\tools\tool-call-start-field-cleaning.py","D:\DigiFloat\LawChronicle\backend\tools","DRY_RUN","","2025-08-19 15:43:05","Would rename"
"D:\DigiFloat\LawChronicle\backend\tools\check_gilgit_validation.py","check_gilgit_validation.py","tool-check-gilgit-validation.py","D:\DigiFloat\LawChronicle\backend\tools\tool-check-gilgit-validation.py","D:\DigiFloat\LawChronicle\backend\tools","DRY_RUN","","2025-08-19 15:43:05","Would rename"
"D:\DigiFloat\LawChronicle\backend\tools\field_cleaning_dryrun.py","field_cleaning_dryrun.py","tool-field-cleaning-dryrun.py","D:\DigiFloat\LawChronicle\backend\tools\tool-field-cleaning-dryrun.py","D:\DigiFloat\LawChronicle\backend\tools","DRY_RUN","","2025-08-19 15:43:05","Would rename"
"D:\DigiFloat\LawChronicle\backend\tools\sample_preamble_removals.py","sample_preamble_removals.py","tool-sample-preamble-removals.py","D:\DigiFloat\LawChronicle\backend\tools\tool-sample-preamble-removals.py","D:\DigiFloat\LawChronicle\backend\tools","DRY_RUN","","2025-08-19 15:43:05","Would rename"
"D:\DigiFloat\LawChronicle\backend\tools\test_preamble_dedupe.py","test_preamble_dedupe.py","test-preamble-dedupe.py","D:\DigiFloat\LawChronicle\backend\tools\test-preamble-dedupe.py","D:\DigiFloat\LawChronicle\backend\tools","DRY_RUN","","2025-08-19 15:43:05","Would rename"
"D:\DigiFloat\LawChronicle\docs\audits\2025-08-12-code-audit.md","2025-08-12-code-audit.md","doc-audit-2025-08-12.md","D:\DigiFloat\LawChronicle\docs\audits\doc-audit-2025-08-12.md","D:\DigiFloat\LawChronicle\docs\audits","DRY_RUN","","2025-08-19 15:43:05","Would rename"
"D:\DigiFloat\LawChronicle\docs\audits\2025-08-12-implementation-summary.md","2025-08-12-implementation-summary.md","doc-summary-2025-08-12.md","D:\DigiFloat\LawChronicle\docs\audits\doc-summary-2025-08-12.md","D:\DigiFloat\LawChronicle\docs\audits","DRY_RUN","","2025-08-19 15:43:05","Would rename"
"D:\DigiFloat\LawChronicle\references\01_data_ingestion\connect_existing_db.py","connect_existing_db.py","connect-existing-db.py","D:\DigiFloat\LawChronicle\references\01_data_ingestion\connect-existing-db.py","D:\DigiFloat\LawChronicle\references\01_data_ingestion","DRY_RUN","","2025-08-19 15:43:05","Would rename"
"D:\DigiFloat\LawChronicle\references\02_db_normalization\create_clean_db.py","create_clean_db.py","create-clean-db.py","D:\DigiFloat\LawChronicle\references\02_db_normalization\create-clean-db.py","D:\DigiFloat\LawChronicle\references\02_db_normalization","DRY_RUN","","2025-08-19 15:43:05","Would rename"
"D:\DigiFloat\LawChronicle\references\02_db_normalization\normalize_structure.py","normalize_structure.py","normalize-structure.py","D:\DigiFloat\LawChronicle\references\02_db_normalization\normalize-structure.py","D:\DigiFloat\LawChronicle\references\02_db_normalization","DRY_RUN","","2025-08-19 15:43:05","Would rename"
"D:\DigiFloat\LawChronicle\references\03_field_cleaning_splitting\bring_common_fields_up.py","bring_common_fields_up.py","bring-common-fields-up.py","D:\DigiFloat\LawChronicle\references\03_field_cleaning_splitting\bring-common-fields-up.py","D:\DigiFloat\LawChronicle\references\03_field_cleaning_splitting","DRY_RUN","","2025-08-19 15:43:05","Would rename"
"D:\DigiFloat\LawChronicle\references\03_field_cleaning_splitting\cleaning_single_section.py","cleaning_single_section.py","cleaning-single-section.py","D:\DigiFloat\LawChronicle\references\03_field_cleaning_splitting\cleaning-single-section.py","D:\DigiFloat\LawChronicle\references\03_field_cleaning_splitting","DRY_RUN","","2025-08-19 15:43:05","Would rename"
"D:\DigiFloat\LawChronicle\references\03_field_cleaning_splitting\cleanup_statutes.py","cleanup_statutes.py","cleanup-statutes.py","D:\DigiFloat\LawChronicle\references\03_field_cleaning_splitting\cleanup-statutes.py","D:\DigiFloat\LawChronicle\references\03_field_cleaning_splitting","DRY_RUN","","2025-08-19 15:43:05","Would rename"
"D:\DigiFloat\LawChronicle\references\03_field_cleaning_splitting\drop_unnecessary_fields.py","drop_unnecessary_fields.py","drop-unnecessary-fields.py","D:\DigiFloat\LawChronicle\references\03_field_cleaning_splitting\drop-unnecessary-fields.py","D:\DigiFloat\LawChronicle\references\03_field_cleaning_splitting","DRY_RUN","","2025-08-19 15:43:05","Would rename"
"D:\DigiFloat\LawChronicle\references\03_field_cleaning_splitting\remove_preamble_duplicates_advanced.py","remove_preamble_duplicates_advanced.py","remove-preamble-duplicates-advanced.py","D:\DigiFloat\LawChronicle\references\03_field_cleaning_splitting\remove-preamble-duplicates-advanced.py","D:\DigiFloat\LawChronicle\references\03_field_cleaning_splitting","DRY_RUN","","2025-08-19 15:43:05","Would rename"
"D:\DigiFloat\LawChronicle\references\03_field_cleaning_splitting\sort_sections.py","sort_sections.py","sort-sections.py","D:\DigiFloat\LawChronicle\references\03_field_cleaning_splitting\sort-sections.py","D:\DigiFloat\LawChronicle\references\03_field_cleaning_splitting","DRY_RUN","","2025-08-19 15:43:05","Would rename"
"D:\DigiFloat\LawChronicle\references\03_field_cleaning_splitting\split_cleaned_statute.py","split_cleaned_statute.py","split-cleaned-statute.py","D:\DigiFloat\LawChronicle\references\03_field_cleaning_splitting\split-cleaned-statute.py","D:\DigiFloat\LawChronicle\references\03_field_cleaning_splitting","DRY_RUN","","2025-08-19 15:43:05","Would rename"
"D:\DigiFloat\LawChronicle\references\04_date_processing\check_missing_dates.py","check_missing_dates.py","check-missing-dates.py","D:\DigiFloat\LawChronicle\references\04_date_processing\check-missing-dates.py","D:\DigiFloat\LawChronicle\references\04_date_processing","DRY_RUN","","2025-08-19 15:43:05","Would rename"
"D:\DigiFloat\LawChronicle\references\04_date_processing\config_ai_extractor.json","config_ai_extractor.json","config-ai-extractor.json","D:\DigiFloat\LawChronicle\references\04_date_processing\config-ai-extractor.json","D:\DigiFloat\LawChronicle\references\04_date_processing","DRY_RUN","","2025-08-19 15:43:05","Would rename"
"D:\DigiFloat\LawChronicle\references\04_date_processing\config_search_dates.json","config_search_dates.json","config-search-dates.json","D:\DigiFloat\LawChronicle\references\04_date_processing\config-search-dates.json","D:\DigiFloat\LawChronicle\references\04_date_processing","DRY_RUN","","2025-08-19 15:43:05","Would rename"
"D:\DigiFloat\LawChronicle\references\04_date_processing\fill_dates_grouped_batches.py","fill_dates_grouped_batches.py","fill-dates-grouped-batches.py","D:\DigiFloat\LawChronicle\references\04_date_processing\fill-dates-grouped-batches.py","D:\DigiFloat\LawChronicle\references\04_date_processing","DRY_RUN","","2025-08-19 15:43:05","Would rename"
"D:\DigiFloat\LawChronicle\references\04_date_processing\fill_missing_dates.py","fill_missing_dates.py","fill-missing-dates.py","D:\DigiFloat\LawChronicle\references\04_date_processing\fill-missing-dates.py","D:\DigiFloat\LawChronicle\references\04_date_processing","DRY_RUN","","2025-08-19 15:43:05","Would rename"
"D:\DigiFloat\LawChronicle\references\04_date_processing\parse_dates.py","parse_dates.py","parse-dates.py","D:\DigiFloat\LawChronicle\references\04_date_processing\parse-dates.py","D:\DigiFloat\LawChronicle\references\04_date_processing","DRY_RUN","","2025-08-19 15:43:05","Would rename"
"D:\DigiFloat\LawChronicle\references\04_date_processing\search_dates.py","search_dates.py","search-dates.py","D:\DigiFloat\LawChronicle\references\04_date_processing\search-dates.py","D:\DigiFloat\LawChronicle\references\04_date_processing","DRY_RUN","","2025-08-19 15:43:05","Would rename"
"D:\DigiFloat\LawChronicle\references\05_statute_versioning\assign_statute_versions.py","assign_statute_versions.py","assign-statute-versions.py","D:\DigiFloat\LawChronicle\references\05_statute_versioning\assign-statute-versions.py","D:\DigiFloat\LawChronicle\references\05_statute_versioning","DRY_RUN","","2025-08-19 15:43:05","Would rename"
"D:\DigiFloat\LawChronicle\references\05_statute_versioning\config_assign_versions.json","config_assign_versions.json","config-assign-versions.json","D:\DigiFloat\LawChronicle\references\05_statute_versioning\config-assign-versions.json","D:\DigiFloat\LawChronicle\references\05_statute_versioning","DRY_RUN","","2025-08-19 15:43:05","Would rename"
"D:\DigiFloat\LawChronicle\references\05_statute_versioning\config_group_statutes.json","config_group_statutes.json","config-group-statutes.json","D:\DigiFloat\LawChronicle\references\05_statute_versioning\config-group-statutes.json","D:\DigiFloat\LawChronicle\references\05_statute_versioning","DRY_RUN","","2025-08-19 15:43:05","Would rename"
"D:\DigiFloat\LawChronicle\references\05_statute_versioning\group_statutes_by_base.py","group_statutes_by_base.py","group-statutes-by-base.py","D:\DigiFloat\LawChronicle\references\05_statute_versioning\group-statutes-by-base.py","D:\DigiFloat\LawChronicle\references\05_statute_versioning","DRY_RUN","","2025-08-19 15:43:05","Would rename"
"D:\DigiFloat\LawChronicle\references\05_statute_versioning\remove_duplicates.py","remove_duplicates.py","remove-duplicates.py","D:\DigiFloat\LawChronicle\references\05_statute_versioning\remove-duplicates.py","D:\DigiFloat\LawChronicle\references\05_statute_versioning","DRY_RUN","","2025-08-19 15:43:05","Would rename"
"D:\DigiFloat\LawChronicle\references\06_section_versioning\assign_section_versions.py","assign_section_versions.py","assign-section-versions.py","D:\DigiFloat\LawChronicle\references\06_section_versioning\assign-section-versions.py","D:\DigiFloat\LawChronicle\references\06_section_versioning","DRY_RUN","","2025-08-19 15:43:05","Would rename"
"D:\DigiFloat\LawChronicle\references\06_section_versioning\create_grouped_statute_db.py","create_grouped_statute_db.py","create-grouped-statute-db.py","D:\DigiFloat\LawChronicle\references\06_section_versioning\create-grouped-statute-db.py","D:\DigiFloat\LawChronicle\references\06_section_versioning","DRY_RUN","","2025-08-19 15:43:05","Would rename"
"D:\DigiFloat\LawChronicle\references\06_section_versioning\generate_metadata_summary.py","generate_metadata_summary.py","generate-metadata-summary.py","D:\DigiFloat\LawChronicle\references\06_section_versioning\generate-metadata-summary.py","D:\DigiFloat\LawChronicle\references\06_section_versioning","DRY_RUN","","2025-08-19 15:43:05","Would rename"
"D:\DigiFloat\LawChronicle\references\06_section_versioning\split_sections.py","split_sections.py","split-sections.py","D:\DigiFloat\LawChronicle\references\06_section_versioning\split-sections.py","D:\DigiFloat\LawChronicle\references\06_section_versioning","DRY_RUN","","2025-08-19 15:43:05","Would rename"
"D:\DigiFloat\LawChronicle\references\07_export_pipeline\export_to_json.py","export_to_json.py","export-to-json.py","D:\DigiFloat\LawChronicle\references\07_export_pipeline\export-to-json.py","D:\DigiFloat\LawChronicle\references\07_export_pipeline","DRY_RUN","","2025-08-19 15:43:05","Would rename"
"D:\DigiFloat\LawChronicle\references\07_export_pipeline\export_to_mongo.py","export_to_mongo.py","export-to-mongo.py","D:\DigiFloat\LawChronicle\references\07_export_pipeline\export-to-mongo.py","D:\DigiFloat\LawChronicle\references\07_export_pipeline","DRY_RUN","","2025-08-19 15:43:05","Would rename"
"D:\DigiFloat\LawChronicle\references\config\azure_openai_config.json","azure_openai_config.json","azure-openai-config.json","D:\DigiFloat\LawChronicle\references\config\azure-openai-config.json","D:\DigiFloat\LawChronicle\references\config","DRY_RUN","","2025-08-19 15:43:05","Would rename"
"D:\DigiFloat\LawChronicle\references\docs\CONSOLIDATION_VALIDATION_GUIDE.md","CONSOLIDATION_VALIDATION_GUIDE.md","CONSOLIDATION-VALIDATION-GUIDE.md","D:\DigiFloat\LawChronicle\references\docs\CONSOLIDATION-VALIDATION-GUIDE.md","D:\DigiFloat\LawChronicle\references\docs","DRY_RUN","","2025-08-19 15:43:05","Would rename"
"D:\DigiFloat\LawChronicle\references\docs\data_pipeline_architecture.md","data_pipeline_architecture.md","data-pipeline-architecture.md","D:\DigiFloat\LawChronicle\references\docs\data-pipeline-architecture.md","D:\DigiFloat\LawChronicle\references\docs","DRY_RUN","","2025-08-19 15:43:05","Would rename"
"D:\DigiFloat\LawChronicle\references\docs\INTEGRATION_GUIDE.md","INTEGRATION_GUIDE.md","INTEGRATION-GUIDE.md","D:\DigiFloat\LawChronicle\references\docs\INTEGRATION-GUIDE.md","D:\DigiFloat\LawChronicle\references\docs","DRY_RUN","","2025-08-19 15:43:05","Would rename"
"D:\DigiFloat\LawChronicle\references\docs\INTELLIGENT_GROUPING_EXECUTIVE_SUMMARY.md","INTELLIGENT_GROUPING_EXECUTIVE_SUMMARY.md","INTELLIGENT-GROUPING-EXECUTIVE-SUMMARY.md","D:\DigiFloat\LawChronicle\references\docs\INTELLIGENT-GROUPING-EXECUTIVE-SUMMARY.md","D:\DigiFloat\LawChronicle\references\docs","DRY_RUN","","2025-08-19 15:43:05","Would rename"
"D:\DigiFloat\LawChronicle\references\docs\INTELLIGENT_GROUPING_TECHNICAL_IMPLEMENTATION.md","INTELLIGENT_GROUPING_TECHNICAL_IMPLEMENTATION.md","INTELLIGENT-GROUPING-TECHNICAL-IMPLEMENTATION.md","D:\DigiFloat\LawChronicle\references\docs\INTELLIGENT-GROUPING-TECHNICAL-IMPLEMENTATION.md","D:\DigiFloat\LawChronicle\references\docs","DRY_RUN","","2025-08-19 15:43:05","Would rename"
"D:\DigiFloat\LawChronicle\references\docs\LAWCHRONICLE_COMPREHENSIVE_PIPELINE.md","LAWCHRONICLE_COMPREHENSIVE_PIPELINE.md","LAWCHRONICLE-COMPREHENSIVE-PIPELINE.md","D:\DigiFloat\LawChronicle\references\docs\LAWCHRONICLE-COMPREHENSIVE-PIPELINE.md","D:\DigiFloat\LawChronicle\references\docs","DRY_RUN","","2025-08-19 15:43:05","Would rename"
"D:\DigiFloat\LawChronicle\references\docs\LAWCHRONICLE_PIPELINE_FLOW.md","LAWCHRONICLE_PIPELINE_FLOW.md","LAWCHRONICLE-PIPELINE-FLOW.md","D:\DigiFloat\LawChronicle\references\docs\LAWCHRONICLE-PIPELINE-FLOW.md","D:\DigiFloat\LawChronicle\references\docs","DRY_RUN","","2025-08-19 15:43:05","Would rename"
"D:\DigiFloat\LawChronicle\references\docs\LAWCHRONICLE_TECHNICAL_INTERVIEW_PREPARATION.md","LAWCHRONICLE_TECHNICAL_INTERVIEW_PREPARATION.md","LAWCHRONICLE-TECHNICAL-INTERVIEW-PREPARATION.md","D:\DigiFloat\LawChronicle\references\docs\LAWCHRONICLE-TECHNICAL-INTERVIEW-PREPARATION.md","D:\DigiFloat\LawChronicle\references\docs","DRY_RUN","","2025-08-19 15:43:05","Would rename"
"D:\DigiFloat\LawChronicle\references\docs\PROJECT_DESCRIPTION_AMENDED.md","PROJECT_DESCRIPTION_AMENDED.md","PROJECT-DESCRIPTION-AMENDED.md","D:\DigiFloat\LawChronicle\references\docs\PROJECT-DESCRIPTION-AMENDED.md","D:\DigiFloat\LawChronicle\references\docs","DRY_RUN","","2025-08-19 15:43:05","Would rename"
"D:\DigiFloat\LawChronicle\references\gui\ai_date_extractor.py","ai_date_extractor.py","ai-date-extractor.py","D:\DigiFloat\LawChronicle\references\gui\ai-date-extractor.py","D:\DigiFloat\LawChronicle\references\gui","DRY_RUN","","2025-08-19 15:43:05","Would rename"
"D:\DigiFloat\LawChronicle\references\gui\config_grouped_db_creator.json","config_grouped_db_creator.json","config-grouped-db-creator.json","D:\DigiFloat\LawChronicle\references\gui\config-grouped-db-creator.json","D:\DigiFloat\LawChronicle\references\gui","DRY_RUN","","2025-08-19 15:43:05","Would rename"
"D:\DigiFloat\LawChronicle\references\gui\config_intelligent_grouping.json","config_intelligent_grouping.json","config-intelligent-grouping.json","D:\DigiFloat\LawChronicle\references\gui\config-intelligent-grouping.json","D:\DigiFloat\LawChronicle\references\gui","DRY_RUN","","2025-08-19 15:43:05","Would rename"
"D:\DigiFloat\LawChronicle\references\gui\config_section_splitting.json","config_section_splitting.json","config-section-splitting.json","D:\DigiFloat\LawChronicle\references\gui\config-section-splitting.json","D:\DigiFloat\LawChronicle\references\gui","DRY_RUN","","2025-08-19 15:43:05","Would rename"
"D:\DigiFloat\LawChronicle\references\gui\config_section_versioning.json","config_section_versioning.json","config-section-versioning.json","D:\DigiFloat\LawChronicle\references\gui\config-section-versioning.json","D:\DigiFloat\LawChronicle\references\gui","DRY_RUN","","2025-08-19 15:43:05","Would rename"
"D:\DigiFloat\LawChronicle\references\gui\config_statute_grouping.json","config_statute_grouping.json","config-statute-grouping.json","D:\DigiFloat\LawChronicle\references\gui\config-statute-grouping.json","D:\DigiFloat\LawChronicle\references\gui","DRY_RUN","","2025-08-19 15:43:05","Would rename"
"D:\DigiFloat\LawChronicle\references\gui\config_statute_versioning.json","config_statute_versioning.json","config-statute-versioning.json","D:\DigiFloat\LawChronicle\references\gui\config-statute-versioning.json","D:\DigiFloat\LawChronicle\references\gui","DRY_RUN","","2025-08-19 15:43:05","Would rename"
"D:\DigiFloat\LawChronicle\references\gui\constitutional_amendment_detector_gui.py","constitutional_amendment_detector_gui.py","constitutional-amendment-detector-gui.py","D:\DigiFloat\LawChronicle\references\gui\constitutional-amendment-detector-gui.py","D:\DigiFloat\LawChronicle\references\gui","DRY_RUN","","2025-08-19 15:43:05","Would rename"
"D:\DigiFloat\LawChronicle\references\gui\fill_dates_grouped_batches_gui.py","fill_dates_grouped_batches_gui.py","fill-dates-grouped-batches-gui.py","D:\DigiFloat\LawChronicle\references\gui\fill-dates-grouped-batches-gui.py","D:\DigiFloat\LawChronicle\references\gui","DRY_RUN","","2025-08-19 15:43:05","Would rename"
"D:\DigiFloat\LawChronicle\references\gui\grouped_db_creator_gui.py","grouped_db_creator_gui.py","grouped-db-creator-gui.py","D:\DigiFloat\LawChronicle\references\gui\grouped-db-creator-gui.py","D:\DigiFloat\LawChronicle\references\gui","DRY_RUN","","2025-08-19 15:43:05","Would rename"
"D:\DigiFloat\LawChronicle\references\gui\intelligent_grouping_gui.py","intelligent_grouping_gui.py","intelligent-grouping-gui.py","D:\DigiFloat\LawChronicle\references\gui\intelligent-grouping-gui.py","D:\DigiFloat\LawChronicle\references\gui","DRY_RUN","","2025-08-19 15:43:05","Would rename"
"D:\DigiFloat\LawChronicle\references\gui\intelligent_preprocessor.py","intelligent_preprocessor.py","intelligent-preprocessor.py","D:\DigiFloat\LawChronicle\references\gui\intelligent-preprocessor.py","D:\DigiFloat\LawChronicle\references\gui","DRY_RUN","","2025-08-19 15:43:05","Would rename"
"D:\DigiFloat\LawChronicle\references\gui\launch_intelligent_grouping.py","launch_intelligent_grouping.py","launch-intelligent-grouping.py","D:\DigiFloat\LawChronicle\references\gui\launch-intelligent-grouping.py","D:\DigiFloat\LawChronicle\references\gui","DRY_RUN","","2025-08-19 15:43:05","Would rename"
"D:\DigiFloat\LawChronicle\references\gui\missing_dates_gui_tkinter.py","missing_dates_gui_tkinter.py","missing-dates-gui-tkinter.py","D:\DigiFloat\LawChronicle\references\gui\missing-dates-gui-tkinter.py","D:\DigiFloat\LawChronicle\references\gui","DRY_RUN","","2025-08-19 15:43:05","Would rename"
"D:\DigiFloat\LawChronicle\references\gui\pipeline_diagram.py","pipeline_diagram.py","pipeline-diagram.py","D:\DigiFloat\LawChronicle\references\gui\pipeline-diagram.py","D:\DigiFloat\LawChronicle\references\gui","DRY_RUN","","2025-08-19 15:43:05","Would rename"
"D:\DigiFloat\LawChronicle\references\gui\section_splitting_gui.py","section_splitting_gui.py","section-splitting-gui.py","D:\DigiFloat\LawChronicle\references\gui\section-splitting-gui.py","D:\DigiFloat\LawChronicle\references\gui","DRY_RUN","","2025-08-19 15:43:05","Would rename"
"D:\DigiFloat\LawChronicle\references\gui\section_versioning_gui.py","section_versioning_gui.py","section-versioning-gui.py","D:\DigiFloat\LawChronicle\references\gui\section-versioning-gui.py","D:\DigiFloat\LawChronicle\references\gui","DRY_RUN","","2025-08-19 15:43:05","Would rename"
"D:\DigiFloat\LawChronicle\references\gui\statute_explorer.py","statute_explorer.py","statute-explorer.py","D:\DigiFloat\LawChronicle\references\gui\statute-explorer.py","D:\DigiFloat\LawChronicle\references\gui","DRY_RUN","","2025-08-19 15:43:05","Would rename"
"D:\DigiFloat\LawChronicle\references\gui\statute_explorer_simple.py","statute_explorer_simple.py","statute-explorer-simple.py","D:\DigiFloat\LawChronicle\references\gui\statute-explorer-simple.py","D:\DigiFloat\LawChronicle\references\gui","DRY_RUN","","2025-08-19 15:43:05","Would rename"
"D:\DigiFloat\LawChronicle\references\gui\statute_explorer_versioned.py","statute_explorer_versioned.py","statute-explorer-versioned.py","D:\DigiFloat\LawChronicle\references\gui\statute-explorer-versioned.py","D:\DigiFloat\LawChronicle\references\gui","DRY_RUN","","2025-08-19 15:43:05","Would rename"
"D:\DigiFloat\LawChronicle\references\gui\statute_grouping_gui.py","statute_grouping_gui.py","statute-grouping-gui.py","D:\DigiFloat\LawChronicle\references\gui\statute-grouping-gui.py","D:\DigiFloat\LawChronicle\references\gui","DRY_RUN","","2025-08-19 15:43:05","Would rename"
"D:\DigiFloat\LawChronicle\references\gui\statute_versioning_gui.py","statute_versioning_gui.py","statute-versioning-gui.py","D:\DigiFloat\LawChronicle\references\gui\statute-versioning-gui.py","D:\DigiFloat\LawChronicle\references\gui","DRY_RUN","","2025-08-19 15:43:05","Would rename"
"D:\DigiFloat\LawChronicle\references\gui\test_gpt_connection.py","test_gpt_connection.py","test-gpt-connection.py","D:\DigiFloat\LawChronicle\references\gui\test-gpt-connection.py","D:\DigiFloat\LawChronicle\references\gui","DRY_RUN","","2025-08-19 15:43:05","Would rename"
"D:\DigiFloat\LawChronicle\references\utils\db_connection.py","db_connection.py","db-connection.py","D:\DigiFloat\LawChronicle\references\utils\db-connection.py","D:\DigiFloat\LawChronicle\references\utils","DRY_RUN","","2025-08-19 15:43:05","Would rename"
"D:\DigiFloat\LawChronicle\references\utils\delete_dbs.py","delete_dbs.py","delete-dbs.py","D:\DigiFloat\LawChronicle\references\utils\delete-dbs.py","D:\DigiFloat\LawChronicle\references\utils","DRY_RUN","","2025-08-19 15:43:05","Would rename"
"D:\DigiFloat\LawChronicle\references\utils\gpt_async.py","gpt_async.py","gpt-async.py","D:\DigiFloat\LawChronicle\references\utils\gpt-async.py","D:\DigiFloat\LawChronicle\references\utils","DRY_RUN","","2025-08-19 15:43:05","Would rename"
"D:\DigiFloat\LawChronicle\references\utils\gpt_batcher.py","gpt_batcher.py","gpt-batcher.py","D:\DigiFloat\LawChronicle\references\utils\gpt-batcher.py","D:\DigiFloat\LawChronicle\references\utils","DRY_RUN","","2025-08-19 15:43:05","Would rename"
"D:\DigiFloat\LawChronicle\references\utils\gpt_cache.py","gpt_cache.py","gpt-cache.py","D:\DigiFloat\LawChronicle\references\utils\gpt-cache.py","D:\DigiFloat\LawChronicle\references\utils","DRY_RUN","","2025-08-19 15:43:05","Would rename"
"D:\DigiFloat\LawChronicle\references\utils\gpt_fallbacks.py","gpt_fallbacks.py","gpt-fallbacks.py","D:\DigiFloat\LawChronicle\references\utils\gpt-fallbacks.py","D:\DigiFloat\LawChronicle\references\utils","DRY_RUN","","2025-08-19 15:43:05","Would rename"
"D:\DigiFloat\LawChronicle\references\utils\gpt_monitor.py","gpt_monitor.py","gpt-monitor.py","D:\DigiFloat\LawChronicle\references\utils\gpt-monitor.py","D:\DigiFloat\LawChronicle\references\utils","DRY_RUN","","2025-08-19 15:43:05","Would rename"
"D:\DigiFloat\LawChronicle\references\utils\gpt_prompt_optimizer.py","gpt_prompt_optimizer.py","gpt-prompt-optimizer.py","D:\DigiFloat\LawChronicle\references\utils\gpt-prompt-optimizer.py","D:\DigiFloat\LawChronicle\references\utils","DRY_RUN","","2025-08-19 15:43:05","Would rename"
"D:\DigiFloat\LawChronicle\references\utils\gpt_rate_limiter.py","gpt_rate_limiter.py","gpt-rate-limiter.py","D:\DigiFloat\LawChronicle\references\utils\gpt-rate-limiter.py","D:\DigiFloat\LawChronicle\references\utils","DRY_RUN","","2025-08-19 15:43:05","Would rename"
"D:\DigiFloat\LawChronicle\references\utils\metadata_helper.py","metadata_helper.py","metadata-helper.py","D:\DigiFloat\LawChronicle\references\utils\metadata-helper.py","D:\DigiFloat\LawChronicle\references\utils","DRY_RUN","","2025-08-19 15:43:05","Would rename"
"D:\DigiFloat\LawChronicle\references\utils\phase_logger.py","phase_logger.py","phase-logger.py","D:\DigiFloat\LawChronicle\references\utils\phase-logger.py","D:\DigiFloat\LawChronicle\references\utils","DRY_RUN","","2025-08-19 15:43:05","Would rename"
"D:\DigiFloat\LawChronicle\references\utils\reorganize_files.py","reorganize_files.py","reorganize-files.py","D:\DigiFloat\LawChronicle\references\utils\reorganize-files.py","D:\DigiFloat\LawChronicle\references\utils","DRY_RUN","","2025-08-19 15:43:05","Would rename"
